고유번호,기준연도,행정동코드,행정동명,2007년사용량,2008년사용량,경도,위도
3,2008,1103058,효창동,20.814328,21.459975,126.960713,37.5436889
6,2008,1101071,숭인2동,72.809621,74.027617,127.0195273,37.5749267
8,2008,1102052,소공동,423.513379,424.742285,126.9746802,37.5644921
9,2008,1105062,구의3동,133.85004,131.664698,127.0961417,37.5357391
103,2008,1111059,하계2동,36.930365,37.577989,127.0646016,37.6351662
7,2008,1102064,신당4동,47.600798,50.101068,127.015277,37.5566297
5,2008,1103063,이촌1동,78.776724,79.079995,126.9702107,37.5175452
10,2008,1109074,우이동,51.867977,52.548616,126.9989986,37.6619306
11,2008,1110064,도봉1동,67.514091,68.453704,127.0270249,37.6852966
12,2008,1111056,공릉2동,158.930946,165.70109,127.0918584,37.6314108
52,2008,1103064,이촌2동,14.357689,14.903593,126.9540649,37.5234571
76,2008,1104069,송정동,30.943266,32.125956,127.0629577,37.5537764
30,2008,1102065,신당5동,47.925399,47.40491,127.0213994,37.5631643
42,2008,1102067,황학동,42.297118,58.622007,127.0205839,37.5685588
59,2008,1101069,창신3동,8.222036,8.429381,127.012994,37.578808
46,2008,1106055,제기2동,66.566597,68.032889,127.03405,37.5840262
36,2008,1102061,신당1동,138.943036,141.375368,127.0137367,37.5652698
16,2008,1105055,중곡1동,54.058886,56.213926,127.0777479,37.5619104
75,2008,1104067,성수2가1동,279.103617,283.908848,127.0559597,37.536291
82,2008,1105057,중곡3동,59.370258,60.993713,127.0814009,37.5676251
94,2008,1104065,성수1가1동,76.999513,79.713514,127.0401648,37.5401785
86,2008,1105064,자양1동,73.475634,75.229009,127.0802498,37.5367375
67,2008,1104055,사근동,127.814392,130.853505,127.045359,37.5589836
175,2008,1111064,중계4동,55.017622,55.748652,127.0841682,37.6585831
81,2008,1105056,중곡2동,59.295937,61.006111,127.0840946,37.5587623
87,2008,1105065,자양2동,125.883364,107.271437,127.0824325,37.5307539
95,2008,1105053,화양동,227.072383,233.254717,127.0731746,37.5435197
1,2008,1101061,종로1.2.3.4가동,548.405825,532.941004,126.9892737,37.5777701
2,2008,1103053,남영동,68.387725,70.090861,126.9740814,37.5445003
4,2008,1103059,용문동,27.390041,27.499656,126.9584408,37.5381216
13,2008,1112071,진관동,31.593648,43.847016,126.9387277,37.64193
14,2008,1104054,마장동,118.720747,120.317887,127.0402895,37.5674822
15,2008,1104068,성수2가3동,341.422746,345.387186,127.0585584,37.5455156
18,2008,1105067,자양4동,75.390598,76.424413,127.0636013,37.5338801
27,2008,1102059,광희동,272.237698,277.488578,127.0029274,37.5655997
51,2008,1103065,이태원1동,57.70097,62.897505,126.9929244,37.5335249
53,2008,1101057,무악동,13.391452,17.382672,126.9582782,37.5773293
54,2008,1101067,창신1동,64.862695,66.788854,127.0142162,37.5732983
55,2008,1102060,을지로동,190.208793,193.13236,126.997044,37.5662578
56,2008,1101063,종로5.6가동,118.089101,117.888269,127.0041223,37.5731912
57,2008,1101066,명륜3가동,30.193061,30.74984,126.9932166,37.5872766
60,2008,1101070,숭인1동,18.183449,19.178458,127.0169173,37.5775773
61,2008,1101072,청운효자동,83.936864,86.757146,126.9690467,37.5847576
35,2008,1101064,이화동,98.902725,99.271226,127.0026466,37.5801301
37,2008,1103066,이태원2동,48.582405,49.415499,126.9923385,37.5416696
38,2008,1103070,보광동,40.954374,42.4055,127.0014156,37.525308
17,2008,1105063,광장동,97.806562,100.429444,127.103556,37.5475025
47,2008,1103069,서빙고동,171.7342,175.449812,126.9914626,37.5210901
48,2008,1108068,길음2동,71.676371,74.327858,127.0272226,37.6079289
49,2008,1106060,답십리1동,22.711275,22.774185,127.0546553,37.5717301
50,2008,1106063,답십리4동,46.284846,47.260892,127.0622753,37.5698142
33,2008,1103051,후암동,52.408361,54.394912,126.9805674,37.5502826
34,2008,1103052,용산2가동,82.321414,81.345015,126.9833537,37.5405637
45,2008,1105054,군자동,73.10075,72.142129,127.0735141,37.5533702
58,2008,1101068,창신2동,39.371185,40.275563,127.0104257,37.5759758
65,2008,1105060,구의1동,467.512156,447.570895,127.0859709,37.5409688
70,2008,1104058,응봉동,16.753378,16.982302,127.0345904,37.5505682
25,2008,1101060,가회동,60.036955,59.509327,126.9863189,37.583995
26,2008,1102058,장충동,95.49984,97.905138,127.0011254,37.5555108
28,2008,1102062,신당2동,60.587607,66.111292,127.0087901,37.5548782
29,2008,1102063,신당3동,72.364585,75.062462,127.0105912,37.5496752
31,2008,1102066,신당6동,39.233299,38.947865,127.0185893,37.560813
32,2008,1102068,중림동,72.366946,68.93094,126.9664592,37.5567614
39,2008,1103071,청파동,90.351475,94.693387,126.9666028,37.5483878
40,2008,1103072,원효로1동,69.139969,66.915302,126.9654422,37.5376452
41,2008,1103057,원효로2동,120.061503,115.747901,126.952627,37.5325935
43,2008,1105066,자양3동,181.929695,195.52611,127.0712358,37.5318573
44,2008,1104066,성수1가2동,209.515344,217.085866,127.0419006,37.5487201
89,2008,1106054,제기1동,130.311064,135.92709,127.040215,37.5847436
90,2008,1106056,전농1동,34.333901,33.884137,127.0499775,37.5758438
91,2008,1106058,전농3동,48.804256,49.533465,127.0611619,37.5807855
92,2008,1103073,한강로동,219.770705,218.534808,126.9691414,37.5299999
93,2008,1103074,한남동,172.283134,166.77973,127.0077715,37.5374867
96,2008,1106067,장안3동,49.217404,49.940936,127.0715842,37.5661067
97,2008,1106068,장안4동,47.667165,48.610848,127.0718733,37.5770828
98,2008,1104052,왕십리2동,31.93522,33.494341,127.0279769,37.5614323
84,2008,1105059,능동,40.659171,41.626176,127.081995,37.551142
83,2008,1105058,중곡4동,61.45236,62.840699,127.0951459,37.5629686
85,2008,1105061,구의2동,73.535892,73.802896,127.0946734,37.5518631
68,2008,1104056,행당1동,87.425754,88.531457,127.0351023,37.5597522
69,2008,1104057,행당2동,25.936362,36.094261,127.0293608,37.5566818
88,2008,1106051,신설동,67.411343,69.159297,127.0293241,37.5745106
62,2008,1102054,회현동,341.322182,334.045335,126.9769755,37.5572557
63,2008,1102055,명동,494.563072,493.660601,126.983206,37.5616872
64,2008,1102057,필동,181.624526,184.492938,126.9943278,37.5566962
66,2008,1106074,이문1동,28.214981,29.017711,127.0653671,37.5975065
19,2008,1106066,장안2동,75.393211,80.211938,127.0737285,37.5741291
20,2008,1101053,사직동,207.656174,230.036356,126.9693562,37.5738364
21,2008,1101054,삼청동,48.618586,49.341185,126.981541,37.5860477
24,2008,1101058,교남동,67.409378,66.713024,126.9643275,37.5712812
22,2008,1101055,부암동,43.325415,43.016889,126.9643198,37.5954681
23,2008,1101056,평창동,102.831677,100.095707,126.9685672,37.6136779
77,2008,1104070,용답동,62.360444,64.027549,127.057958,37.5613412
78,2008,1104071,왕십리도선동,90.02822,86.348238,127.0299465,37.5665139
79,2008,1104072,금호2.3가동,59.342636,58.683536,127.0196534,37.5527101
80,2008,1104073,옥수동,57.407986,57.639957,127.017035,37.5425349
71,2008,1107068,망우3동,38.534857,40.139422,127.102815,37.5915716
72,2008,1107069,신내1동,89.947991,92.427651,127.1034338,37.610154
73,2008,1104059,금호1가동,43.497025,45.319623,127.0245005,37.5530173
74,2008,1104062,금호4가동,41.150111,42.329717,127.0227871,37.5435666
196,2008,1121061,중앙동,43.864535,45.31246,126.9513359,37.484121
199,2008,1116065,가양2동,47.595442,46.802504,126.85434,37.5683492
101,2008,1109073,삼각산동,48.427198,46.20679,127.0154022,37.6162901
102,2008,1110053,쌍문3동,46.749377,47.200163,127.0307557,37.6471216
109,2008,1107052,면목2동,75.902712,80.880864,127.0787611,37.5891501
110,2008,1107054,면목4동,40.38833,41.646316,127.0870602,37.5734769
113,2008,1111053,월계3동,55.776421,55.516657,127.0657929,37.6231698
114,2008,1111061,중계1동,66.686687,67.502946,127.0734019,37.6498108
115,2008,1115051,목1동,335.048591,344.459505,126.8762641,37.52705
122,2008,1107071,면목본동,92.304181,94.899973,127.0891884,37.5889229
123,2008,1107072,면목3.8동,72.937361,75.284968,127.0967843,37.5847387
129,2008,1108061,보문동,50.940757,52.495622,127.0195816,37.5830882
119,2008,1106078,전농2동,78.460451,79.166675,127.0501483,37.5807698
120,2008,1106079,답십리3동,68.364685,68.184517,127.0504575,37.5704403
130,2008,1109062,번3동,43.420052,42.278927,127.0433655,37.6234709
131,2008,1106077,용두동,118.941718,113.905124,127.0349563,37.57743
132,2008,1109064,수유2동,53.133386,53.59893,127.0195059,37.6450152
133,2008,1110054,쌍문4동,37.012029,37.925266,127.0300327,37.6554033
117,2008,1111072,상계8동,39.487759,39.629381,127.0537799,37.6661992
118,2008,1112056,갈현2동,66.361245,67.52879,126.9126436,37.6183503
201,2008,1122067,양재2동,256.857777,265.90221,127.0464793,37.4541092
112,2008,1110060,창2동,81.835338,77.640209,127.0372578,37.6417801
126,2008,1116066,가양3동,46.83156,45.744792,126.8622364,37.5627583
128,2008,1107055,면목5동,29.634079,30.620864,127.0789107,37.5822023
135,2008,1111063,중계3동,57.202605,58.165665,127.0676494,37.6446146
104,2008,1107065,묵2동,42.468021,43.124083,127.075083,37.6108728
99,2008,1108058,돈암1동,70.122528,70.599538,127.0244233,37.599316
125,2008,1114059,용강동,98.286756,99.623891,126.9423661,37.5404748
127,2008,1116069,공항동,111.306736,112.082613,126.7947412,37.5566442
152,2008,1108071,월곡1동,41.906698,43.022481,127.0370768,37.6076034
154,2008,1106071,회기동,78.186107,82.046922,127.0520037,37.5944552
144,2008,1108064,정능3동,64.865559,69.463649,126.994311,37.614787
178,2008,1111073,상계9동,41.921609,42.356616,127.0631949,37.6676017
197,2008,1122054,서초4동,211.361442,214.663133,127.0200266,37.499109
206,2008,1115060,신월4동,38.724925,39.551319,126.8396852,37.5218161
166,2008,1110059,창1동,63.760126,64.151771,127.0423736,37.6454302
179,2008,1111074,상계10동,34.909721,37.264151,127.0585925,37.6598455
186,2008,1110055,방학1동,119.073643,120.041755,127.0431323,37.6651501
193,2008,1115072,신정4동,109.37146,111.760412,126.8571714,37.5254653
149,2008,1109061,번2동,39.501968,40.165248,127.0344734,37.6276871
150,2008,1109063,수유1동,61.764269,63.398205,127.0087803,37.6295496
151,2008,1108066,길음1동,48.99255,48.950559,127.0202048,37.6080703
158,2008,1107057,면목7동,50.900274,52.305154,127.0911624,37.5761301
159,2008,1107059,상봉1동,49.532986,51.21358,127.0880656,37.6024549
160,2008,1107060,상봉2동,75.76344,77.886932,127.0817926,37.5945418
161,2008,1107061,중화1동,32.740969,33.237703,127.0829266,37.6026318
162,2008,1109069,삼양동,57.941617,59.861138,127.0133716,37.6243866
163,2008,1109070,미아동,74.925379,76.682788,127.0266289,37.6289612
136,2008,1111069,상계5동,53.253687,53.662579,127.0700774,37.6633451
137,2008,1112058,대조동,107.800828,112.362278,126.924346,37.6129551
138,2008,1107064,묵1동,90.032651,90.883353,127.0832136,37.6128345
139,2008,1108060,안암동,117.012557,120.318403,127.0275995,37.5868763
165,2008,1110057,방학3동,57.583657,58.014133,127.0251742,37.6626127
153,2008,1108072,월곡2동,88.469642,90.730529,127.0446648,37.6032023
155,2008,1106072,휘경1동,45.863064,47.242091,127.061833,37.5914118
156,2008,1106073,휘경2동,54.383356,55.123383,127.065974,37.5867326
121,2008,1107070,신내2동,42.075753,40.930421,127.0906807,37.6090172
105,2008,1106065,장안1동,106.015647,106.191154,127.0646127,37.5671372
106,2008,1106076,이문3동,42.244423,43.285574,127.0667615,37.6023909
107,2008,1108082,삼선동,89.245382,92.403886,127.0115825,37.5864159
100,2008,1108084,종암동,132.53434,138.317273,127.0329179,37.5976482
108,2008,1106080,청량리동,99.391442,101.198931,127.0459623,37.5884461
111,2008,1110052,쌍문2동,58.092188,58.583272,127.037596,37.65647
116,2008,1111062,중계2동,37.262042,37.171698,127.0635677,37.6418637
124,2008,1110061,창3동,187.544867,183.750722,127.0414145,37.637731
134,2008,1110063,창5동,77.4513,80.626632,127.0423315,37.6566244
142,2008,1107062,중화2동,70.499653,72.393996,127.0748907,37.5989287
148,2008,1109060,번1동,74.921541,79.204482,127.0308537,37.6383904
157,2008,1106075,이문2동,64.275139,67.378854,127.0575155,37.5973873
164,2008,1110056,방학2동,51.128662,51.930507,127.0313205,37.668601
147,2008,1108085,석관동,96.565964,97.900886,127.0611724,37.6081631
189,2008,1109065,수유3동,90.685701,93.269578,127.0238872,37.6410633
194,2008,1116072,방화3동,55.268514,56.168448,126.8153977,37.5829656
195,2008,1118053,독산2동,47.764737,49.19125,126.9048969,37.4626908
198,2008,1117051,신도림동,111.609724,131.209071,126.8831808,37.5101829
200,2008,1114063,신수동,57.413055,57.51023,126.9331156,37.5447268
214,2008,1114068,합정동,64.569246,65.829418,126.9085437,37.5471898
219,2008,1112055,갈현1동,65.246595,67.01902,126.9143615,37.6247955
229,2008,1114061,염리동,63.565759,64.526704,126.9472006,37.5501423
190,2008,1113073,충현동,122.109758,121.377063,126.9594203,37.5647554
191,2008,1113075,신촌동,377.680794,400.633552,126.9384315,37.5659638
192,2008,1112057,구산동,57.062627,59.525058,126.9091326,37.6120976
181,2008,1109072,송천동,83.607948,84.462566,127.0243166,37.6182289
182,2008,1109075,인수동,74.143643,75.570425,127.0040789,37.6385455
183,2008,1108076,장위1동,45.926655,47.038335,127.0444584,37.615589
167,2008,1110062,창4동,96.357402,96.869386,127.0503232,37.6514095
168,2008,1110065,도봉2동,64.108522,64.750755,127.0478527,37.6815251
140,2008,1108062,정능1동,52.25766,54.309414,127.0174838,37.6060713
141,2008,1108063,정능2동,46.308772,46.506746,127.0074724,37.604141
143,2008,1107073,망우본동,116.161737,117.926706,127.1055957,37.602601
145,2008,1108065,정능4동,70.635456,75.157943,126.9951836,37.6222164
146,2008,1108083,동선동,85.348375,87.535162,127.0184009,37.5936584
174,2008,1111060,중계본동,79.393874,79.835903,127.0855729,37.6480524
176,2008,1111065,상계1동,94.326215,97.039456,127.067219,37.6835121
177,2008,1111066,상계2동,120.042952,122.828294,127.0662128,37.6560265
180,2008,1109071,송중동,113.203346,114.619429,127.0333957,37.6174199
184,2008,1108077,장위2동,55.539579,57.746297,127.0530399,37.6126538
185,2008,1108078,장위3동,44.412204,47.013793,127.0538288,37.6183799
187,2008,1108059,돈암2동,17.042226,17.516867,127.012714,37.5967953
188,2008,1112052,불광1동,85.428501,82.017871,126.9372782,37.6181244
171,2008,1111076,상계3.4동,89.619841,90.353007,127.0810527,37.676222
172,2008,1111054,월계4동,52.519719,53.11605,127.0571886,37.6315663
173,2008,1111058,하계1동,89.891608,90.275095,127.0750977,37.6384143
210,2008,1116073,화곡1동,127.077416,131.277653,126.8413547,37.5341055
211,2008,1112059,응암1동,88.887819,93.006265,126.9271635,37.5971614
212,2008,1112060,응암2동,43.985831,39.096177,126.9228547,37.5916628
213,2008,1110051,쌍문1동,52.283424,54.278344,127.0206282,37.6543185
216,2008,1115064,신정1동,58.696826,59.724972,126.8599132,37.5181274
223,2008,1113071,북가좌1동,33.938999,29.418225,126.9084379,37.5756028
228,2008,1113076,연희동,114.706161,117.321056,126.9318214,37.5721432
230,2008,1114066,서교동,268.16259,290.530882,126.9228533,37.5550337
224,2008,1113072,북가좌2동,65.854729,69.175736,126.9139325,37.5811056
225,2008,1116061,화곡6동,92.898854,91.559377,126.8511714,37.5516082
226,2008,1116063,화곡8동,53.567671,53.738969,126.847988,37.5337349
227,2008,1116064,가양1동,266.058118,210.295246,126.8352521,37.5734646
215,2008,1115057,신월1동,56.036278,58.411382,126.8344994,37.5311542
217,2008,1116051,염창동,174.399806,179.068792,126.8764141,37.5537467
220,2008,1113074,북아현동,46.059074,47.117342,126.9551002,37.5593178
257,2008,1115069,신정6동,67.915854,67.519087,126.8704306,37.5162508
285,2008,1122059,반포3동,85.00132,86.122256,127.0039808,37.5126405
202,2008,1119054,여의도동,831.769753,862.389607,126.9290731,37.5286662
255,2008,1115063,신월7동,54.570018,55.359121,126.8313103,37.5169283
265,2008,1116058,화곡3동,55.221105,55.880596,126.8351141,37.5439302
231,2008,1114069,망원1동,51.942734,53.124791,126.9007265,37.5521849
237,2008,1112066,신사2동,37.829578,38.655474,126.9067539,37.5933874
284,2008,1118059,시흥3동,50.562222,50.521774,126.9067393,37.4406086
297,2008,1121068,신사동,57.489527,59.389609,126.9197666,37.4857049
306,2008,1122062,방배1동,70.275494,70.368563,126.9959053,37.4850573
288,2008,1122056,반포본동,36.285909,35.416121,126.9873462,37.5063564
271,2008,1118051,가산동,547.700436,571.652817,126.8850721,37.4756389
169,2008,1111052,월계2동,44.658782,46.49388,127.0492857,37.6340924
170,2008,1111075,공릉1.3동,106.395777,107.414577,127.0730413,37.6235052
218,2008,1113064,홍제3동,53.861449,55.380897,126.9501653,37.5919852
221,2008,1115054,목4동,61.773571,63.135543,126.8680596,37.534826
222,2008,1112051,녹번동,205.453156,204.039553,126.9355246,37.604229
235,2008,1114070,망원2동,46.975675,47.820065,126.8956961,37.5567473
242,2008,1114076,서강동,95.351522,114.086909,126.9241341,37.5463129
249,2008,1113052,천연동,46.316922,45.133571,126.9583141,37.5719571
246,2008,1112072,불광2동,62.816104,63.956527,126.93026,37.62426
251,2008,1113069,남가좌1동,42.609737,37.971863,126.9158688,37.5715267
252,2008,1113066,홍은1동,50.69938,51.398351,126.9478902,37.5996284
254,2008,1113070,남가좌2동,67.114152,68.947417,126.9211579,37.5784557
253,2008,1113068,홍은2동,85.537156,87.819454,126.9321546,37.5868455
260,2008,1117068,오류2동,67.127326,67.831268,126.8346877,37.4845164
261,2008,1117069,수궁동,62.940892,67.097431,126.8253891,37.4987947
263,2008,1116055,화곡본동,66.758945,68.446378,126.8482094,37.5425489
247,2008,1112073,응암3동,65.34452,67.699009,126.9181343,37.5899933
266,2008,1116059,화곡4동,54.776882,56.022744,126.85813,37.5359072
256,2008,1115066,신정3동,103.373125,108.342544,126.841494,37.5112551
258,2008,1115070,신정7동,72.072451,74.561674,126.8647258,37.5108635
259,2008,1116053,등촌2동,45.606554,46.622822,126.8594214,37.5447925
262,2008,1116054,등촌3동,129.47443,131.019797,126.8467162,37.561938
264,2008,1116057,화곡2동,36.457199,36.957893,126.8548119,37.5326968
274,2008,1117061,고척1동,224.865278,223.021012,126.8634217,37.5004217
280,2008,1115061,신월5동,37.776228,38.866633,126.8299898,37.5412271
290,2008,1120066,사당4동,27.529684,28.014563,126.9705189,37.4807107
295,2008,1121071,난향동,13.518065,14.025424,126.9184886,37.4619525
300,2008,1123057,청담2동,144.192096,148.0812,127.0447144,37.5225393
203,2008,1113065,홍제2동,33.146231,33.628572,126.9528452,37.5840871
204,2008,1114060,대흥동,88.437801,93.280876,126.9402373,37.5509928
205,2008,1114075,도화동,92.232336,93.691801,126.9467895,37.5364118
207,2008,1115071,목5동,139.916185,142.50256,126.8794298,37.5372358
208,2008,1117056,구로5동,153.653283,186.359739,126.8874986,37.5023806
209,2008,1117064,개봉2동,67.563994,68.444111,126.8578627,37.4923447
240,2008,1114073,성산2동,119.285884,121.571679,126.9040014,37.5676793
241,2008,1114074,상암동,157.097659,233.622073,126.8802908,37.5727035
244,2008,1117065,개봉3동,46.033435,46.748013,126.8538852,37.4864119
245,2008,1118055,독산4동,50.697494,51.491351,126.9050332,37.4693262
282,2008,1120055,상도3동,51.246679,52.724493,126.9349944,37.4974897
283,2008,1120056,상도4동,53.357753,54.075933,126.9401218,37.4976735
293,2008,1119061,양평1동,96.528607,100.370317,126.8869945,37.5256603
294,2008,1121064,서원동,76.263305,78.633605,126.933137,37.4801353
296,2008,1122051,서초1동,241.625801,251.424493,127.020373,37.486444
298,2008,1122052,서초2동,255.990183,291.971351,127.0278351,37.4890881
299,2008,1122065,방배4동,97.360452,100.155093,126.9914563,37.4897993
315,2008,1119055,당산1동,112.519634,113.156063,126.8971277,37.5241327
320,2008,1119066,신길4동,26.510426,26.821447,126.9132072,37.5075102
286,2008,1119062,양평2동,185.888596,185.371236,126.8946775,37.5396988
268,2008,1117055,구로4동,69.204983,70.4285,126.8897517,37.4912957
269,2008,1117071,구로2동,195.217486,202.939295,126.8783718,37.4966945
270,2008,1117072,개봉1동,86.427846,88.29635,126.8509947,37.5006766
287,2008,1119076,문래동,225.250881,240.667031,126.8917569,37.515614
289,2008,1118060,시흥4동,38.890862,39.81666,126.9092028,37.4595548
291,2008,1119071,대림2동,53.125673,56.349638,126.9008809,37.4899172
292,2008,1118057,시흥1동,119.654957,119.542269,126.8996423,37.453328
267,2008,1117054,구로3동,306.773709,328.650016,126.8947943,37.4852754
248,2008,1112074,역촌동,93.387408,93.682765,126.9123116,37.6050675
250,2008,1113062,홍제1동,55.548676,56.28132,126.9449503,37.5799306
232,2008,1114077,공덕동,127.471271,129.049927,126.9573092,37.5497216
233,2008,1114078,아현동,98.79742,93.903146,126.9529527,37.550399
234,2008,1115052,목2동,58.050089,60.606059,126.8756178,37.5427256
236,2008,1112065,신사1동,53.720724,54.387844,126.9082676,37.5980617
238,2008,1112067,증산동,45.536308,47.41698,126.9057627,37.5827513
239,2008,1112068,수색동,46.796878,46.981828,126.89328,37.5865769
243,2008,1116052,등촌1동,97.621055,100.65776,126.859834,37.5560676
278,2008,1115058,신월2동,45.785454,46.951724,126.846252,37.5224464
279,2008,1115059,신월3동,38.918728,40.666991,126.8282326,37.532608
281,2008,1115062,신월6동,28.442686,29.105478,126.8417608,37.51656
302,2008,1123075,수서동,80.302857,81.075794,127.1015292,37.485455
303,2008,1117070,가리봉동,44.60397,46.063641,126.888207,37.4829137
305,2008,1121081,난곡동,51.527064,50.931373,126.920547,37.4703208
307,2008,1123054,압구정1동,130.655621,133.605558,127.0282296,37.5292279
308,2008,1123060,대치1동,83.873355,88.578803,127.0592099,37.4932837
313,2008,1116074,우장산동,82.146026,96.323611,126.8417017,37.5501009
314,2008,1117052,구로1동,327.133442,329.385933,126.8744434,37.4930275
316,2008,1120053,상도1동,75.692828,78.056826,126.9543551,37.4999435
317,2008,1120054,상도2동,65.818826,72.62553,126.9416175,37.5032617
318,2008,1119063,신길1동,52.142356,55.551278,126.9198885,37.5126299
325,2008,1120063,사당1동,69.068573,71.532496,126.9761499,37.4803836
326,2008,1119073,영등포본동,55.49313,55.641388,126.9083612,37.5134004
327,2008,1119074,영등포동,260.203718,253.231505,126.9092502,37.5236448
328,2008,1119075,도림동,49.203272,49.993289,126.9016479,37.5089421
329,2008,1120052,노량진2동,85.226929,88.007794,126.938553,37.5110955
319,2008,1119065,신길3동,44.94637,44.973768,126.9046472,37.5068694
272,2008,1118052,독산1동,243.05191,245.081038,126.8921307,37.4654438
273,2008,1118054,독산3동,85.440751,89.541753,126.9050746,37.4758607
304,2008,1121065,신원동,39.847821,41.182472,126.9267456,37.4791405
324,2008,1119072,대림3동,82.875503,85.250005,126.8985444,37.5000989
310,2008,1116067,발산1동,89.48043,106.155102,126.8258043,37.5502922
342,2008,1123056,청담1동,134.75249,137.68493,127.0545458,37.5265323
373,2008,1124068,문정1동,53.525088,55.243119,127.1273333,37.4878015
389,2008,1124077,잠실6동,172.244889,178.32093,127.0992827,37.5181588
400,2008,1124075,잠실4동,26.95313,34.148386,127.1072787,37.5217381
360,2008,1124069,문정2동,71.977152,84.543814,127.1176086,37.4789149
368,2008,1123055,압구정2동,149.626668,152.095066,127.0395405,37.5291774
339,2008,1118061,시흥5동,51.639184,52.863052,126.9120245,37.4489992
346,2008,1124057,방이1동,66.154883,68.41555,127.1223441,37.5099874
348,2008,1123073,일원1동,65.558366,76.331747,127.0907675,37.4930774
376,2008,1121079,성현동,73.322306,73.596809,126.950695,37.4898682
382,2008,1123071,개포4동,73.765252,75.200204,127.0532531,37.4766254
391,2008,1124053,거여1동,54.749355,54.898508,127.1421203,37.4946438
399,2008,1124056,마천2동,52.316194,52.350109,127.1516416,37.5004035
275,2008,1117062,고척2동,59.729832,61.589036,126.8545802,37.5050342
276,2008,1117067,오류1동,60.3601,62.338876,126.8424577,37.4969287
277,2008,1115053,목3동,53.607144,55.224481,126.8664483,37.5453236
301,2008,1123065,역삼2동,256.687985,276.733623,127.0449272,37.4984733
396,2008,1125055,고덕1동,34.257909,35.510985,127.1491472,37.5642144
350,2008,1121057,행운동,72.52496,74.111495,126.9616433,37.4808667
351,2008,1121058,낙성대동,71.399997,77.270243,126.9613809,37.4681431
352,2008,1121062,인헌동,55.673069,57.285114,126.9664361,37.4721949
354,2008,1121082,삼성동,52.904559,53.377988,126.930529,37.4614434
361,2008,1122061,방배본동,78.113237,80.241114,126.989064,37.4953519
362,2008,1122063,방배2동,494.54089,498.36079,126.9894127,37.4722936
363,2008,1122064,방배3동,81.326525,82.630558,126.9980078,37.474511
364,2008,1122066,양재1동,183.68044,188.614288,127.0236975,37.4704744
356,2008,1122053,서초3동,434.279556,451.500206,127.0097616,37.4856591
357,2008,1120071,흑석동,106.284755,106.003313,126.9646503,37.505401
358,2008,1120072,노량진1동,147.096402,146.945252,126.9504596,37.512746
365,2008,1122068,내곡동,85.127987,83.004991,127.069692,37.452285
366,2008,1123052,논현1동,231.89909,237.848952,127.0267406,37.5120568
355,2008,1121083,미성동,101.627532,102.591666,126.91622,37.47421
321,2008,1119067,신길5동,32.77613,33.35763,126.9054019,37.5009255
322,2008,1119068,신길6동,57.31557,58.671603,126.9145118,37.4984553
323,2008,1119069,신길7동,49.385111,50.26409,126.9195079,37.5075361
309,2008,1114072,성산1동,51.872829,53.369847,126.9108057,37.5623625
311,2008,1116070,방화1동,86.06365,85.948735,126.8129904,37.569611
312,2008,1116071,방화2동,74.180621,78.811014,126.8055663,37.583188
330,2008,1122055,잠원동,138.660226,140.810087,127.0128992,37.5180129
337,2008,1120069,신대방1동,63.841923,68.267412,126.9096133,37.4907832
345,2008,1124052,풍납2동,174.998783,196.717627,127.1101261,37.5299753
353,2008,1121080,청룡동,111.90198,116.169335,126.9443897,37.4775952
359,2008,1123058,삼성1동,458.031508,473.315272,127.0593872,37.5162321
367,2008,1123053,논현2동,359.975947,378.556647,127.0359884,37.5151697
379,2008,1121054,청림동,37.544565,37.542942,126.959249,37.4895535
384,2008,1123074,일원2동,116.943638,119.765637,127.0811726,37.4941682
390,2008,1124078,잠실7동,25.788235,25.653441,127.0741601,37.5070059
331,2008,1122057,반포1동,86.865675,92.321632,127.0167747,37.5052427
332,2008,1122058,반포2동,37.723577,39.791061,126.9954459,37.5069544
333,2008,1122060,반포4동,226.537435,234.739729,127.0015975,37.4996859
334,2008,1120065,사당3동,53.030746,52.00424,126.9711251,37.4889213
335,2008,1120067,사당5동,26.527211,26.47371,126.9659392,37.4868642
336,2008,1120068,대방동,103.833307,105.468279,126.9277596,37.5069865
338,2008,1120070,신대방2동,140.337942,155.134121,126.9222171,37.494006
377,2008,1120073,사당2동,82.744521,79.260621,126.9745172,37.4983502
378,2008,1121052,보라매동,105.241176,112.187172,126.9322385,37.4906047
381,2008,1123069,개포2동,41.130252,42.559481,127.0668565,37.4814696
383,2008,1123072,일원본동,131.66673,149.05547,127.0839487,37.483064
385,2008,1123076,세곡동,29.179326,29.949052,127.1034738,37.4724392
386,2008,1125072,암사1동,77.085906,84.919763,127.1360249,37.5509501
387,2008,1125073,천호2동,161.169866,167.589854,127.122086,37.5438958
398,2008,1124055,마천1동,32.825066,33.006524,127.1545404,37.4942934
430,2008,1125059,암사3동,135.190887,141.3095,127.1384252,37.5625071
403,2008,1124058,방이2동,134.74326,136.707516,127.1138568,37.5126447
407,2008,1124071,잠실본동,143.973478,147.11602,127.0819727,37.505573
414,2008,1125070,둔촌1동,7.689708,7.425011,127.1400533,37.5228724
420,2008,1123067,도곡2동,206.850177,202.922658,127.0489675,37.4880185
388,2008,1125074,길동,176.788732,179.677728,127.1473638,37.5398758
392,2008,1124054,거여2동,56.795495,56.807209,127.1489329,37.4891281
393,2008,1124062,송파2동,55.922733,56.206736,127.1167081,37.5029784
394,2008,1124064,삼전동,86.17454,87.148384,127.0905088,37.5016876
395,2008,1124070,장지동,58.043937,69.756089,127.1367905,37.4811119
397,2008,1125063,천호3동,81.569268,82.149692,127.1340726,37.5393527
340,2008,1119056,당산2동,103.802227,106.844364,126.9036897,37.5334719
341,2008,1119070,대림1동,54.884414,55.614497,126.9047031,37.493276
343,2008,1123061,대치2동,60.524873,61.273872,127.0662436,37.4955294
344,2008,1123070,개포3동,31.428367,31.704273,127.0718191,37.4885825
347,2008,1123066,도곡1동,119.655308,123.822486,127.0407387,37.4894403
349,2008,1124051,풍납1동,53.800824,49.416853,127.1137027,37.5382922
369,2008,1121063,남현동,54.74579,58.414975,126.9765916,37.4617099
370,2008,1121066,서림동,57.40722,59.19018,126.938117,37.4737918
371,2008,1121069,신림동,88.432174,91.851306,126.9269185,37.4868818
372,2008,1121072,조원동,101.818272,103.651986,126.9070206,37.4833426
374,2008,1121073,대학동,221.959497,225.027668,126.9503831,37.4543585
375,2008,1121078,은천동,68.126767,69.248238,126.9405829,37.4871325
380,2008,1123068,개포1동,34.484408,34.73561,127.0604992,37.480258
415,2008,1125071,둔촌2동,103.313345,105.429869,127.1485334,37.531799
416,2008,1123059,삼성2동,188.146631,197.601305,127.0489931,37.5116921
417,2008,1123062,대치3동,200.241798,201.87656,127.0661117,37.501685
419,2008,1123064,역삼1동,811.389233,839.363475,127.0367584,37.4999211
421,2008,1118058,시흥2동,42.630933,39.78739,126.9205318,37.4506941
423,2008,1123051,신사동,57.489527,59.389609,127.0201823,37.5258447
425,2008,1124080,잠실3동,188.013635,214.449989,127.0947833,37.5162319
426,2008,1125051,강일동,12.637248,15.349535,127.1725746,37.5632192
428,2008,1125056,고덕2동,40.612626,41.410712,127.1622577,37.5665935
429,2008,1125058,암사2동,39.441958,40.119107,127.12315,37.5581746
431,2008,1125061,천호1동,62.420996,66.6182,127.1375642,37.5465789
432,2008,1101065,혜화동,65.333465,66.712451,127.0008948,37.5868266
434,2008,1111051,월계1동,61.366745,62.602469,127.0625553,37.6187434
436,2008,1111077,상계6.7동,129.276013,132.254037,127.0614074,37.6466982
424,2008,1124079,잠실2동,31.061469,42.261366,127.0795435,37.5177509
433,2008,1106061,답십리2동,25.062323,25.496257,127.0598105,37.5717561
406,2008,1124061,송파1동,81.46038,84.460649,127.1103631,37.5069858
411,2008,1124065,가락본동,164.741883,167.062853,127.1213957,37.4971923
418,2008,1123063,대치4동,218.378668,220.665671,127.0549429,37.5015894
422,2008,1125066,성내2동,73.904534,76.036348,127.1277928,37.5343406
427,2008,1125052,상일동,65.77704,66.072943,127.1650498,37.5507951
437,2008,1115065,신정2동,54.974664,55.433659,126.8749622,37.5187126
401,2008,1125054,명일2동,70.702309,70.265652,127.1557966,37.5484922
402,2008,1125065,성내1동,76.47508,76.809205,127.1254874,37.5284538
404,2008,1124059,오륜동,75.20928,81.636248,127.128998,37.5175689
405,2008,1124060,오금동,122.379257,124.80993,127.1340709,37.5037194
408,2008,1125053,명일1동,72.925659,72.658741,127.1452785,37.5495731
409,2008,1125067,성내3동,88.867987,89.051932,127.1336758,37.5284118
410,2008,1124063,석촌동,160.149134,158.103925,127.1041138,37.5028508
412,2008,1124066,가락1동,108.872008,107.456593,127.1077445,37.4951698
413,2008,1124067,가락2동,96.375492,96.978021,127.131344,37.4962788
435,2008,1108081,성북동,75.10811,77.239237,126.9973996,37.5953528
438,2008,1114071,연남동,47.055426,48.724297,126.9224741,37.5624936
